,coupon-date,status,label,stake,odds,potential-payout,event-list-name,cash-out,home-team,away-team
0,"16 Feb 2020, 11:59:55 ",Lost,Full Time: Sampdoria,5.0,2.8,,Sampdoria - Fiorentina,,Sampdoria,Fiorentina
1,"16 Feb 2020, 11:59:37 ",Open,Full Time: Dijon,5.0,3.6,Pot. Payout: €18.00 ,Dijon - Monaco,4.67,Dijon,Monaco
2,"16 Feb 2020, 11:59:26 ",Open,Full Time: Brest,5.0,4.3,Pot. Payout: €21.50 ,Nice - Brest,4.85,Nice,Brest
3,"16 Feb 2020, 11:59:16 ",Won,Full Time: Brest,5.0,2.65,Payout: €13.25,Brest - Saint-Étienne,,Brest,Saint-Étienne
4,"16 Feb 2020, 11:58:55 ",Open,Full Time: Everton,5.0,3.85,Pot. Payout: €19.25 ,Arsenal - Everton,4.88,Arsenal,Everton
5,"16 Feb 2020, 11:58:45 ",Open,Full Time: Aston Villa,5.0,5.5,Pot. Payout: €27.50 ,Southampton - Aston Villa,4.86,Southampton,Aston Villa
6,"16 Feb 2020, 11:58:33 ",Lost,Full Time: Newcastle United,5.0,8.0,,Arsenal - Newcastle United,,Arsenal,Newcastle United
7,"16 Feb 2020, 11:58:06 ",Open,Full Time: Mainz 05,5.0,5.0,Pot. Payout: €25.00 ,VfL Wolfsburg - Mainz 05,4.84,VfL Wolfsburg,Mainz 05
8,"16 Feb 2020, 11:57:54 ",Open,Full Time: Werder Bremen,5.0,6.4,Pot. Payout: €32.00 ,Werder Bremen - Borussia Dortmund,4.72,Werder Bremen,Borussia Dortmund
9,"16 Feb 2020, 11:57:41 ",Lost,Full Time: Mainz 05,5.0,2.8,,Mainz 05 - FC Schalke 04,,Mainz 05,FC Schalke 04
10,"16 Feb 2020, 11:57:19 ",Open,Full Time: Draw,5.0,3.8,Pot. Payout: €19.00 ,FC Groningen - VVV Venlo,4.67,FC Groningen,VVV Venlo
11,"16 Feb 2020, 11:57:08 ",Open,Full Time: ADO Den Haag,5.0,5.1,Pot. Payout: €25.50 ,SC Heerenveen - ADO Den Haag,4.12,SC Heerenveen,ADO Den Haag
12,"28 Jan 2020, 20:36:25 ",Lost,Full Time: Sampdoria,3.0,4.4,,Sampdoria - Napoli,,Sampdoria,Napoli
13,"28 Jan 2020, 20:36:02 ",Won,Full Time: Lecce,3.0,3.0,Payout: €9.00,Lecce - Torino,,Lecce,Torino
14,"28 Jan 2020, 20:35:54 ",Lost,Full Time: Spal,3.0,12.0,,Lazio - Spal,,Lazio,Spal
15,"28 Jan 2020, 20:35:51 ",Lost,Full Time: Draw,3.0,6.25,,Lazio - Spal,,Lazio,Spal
16,"28 Jan 2020, 20:35:43 ",Lost,Full Time: Hellas Verona,3.0,6.5,,AC Milan - Hellas Verona,,AC Milan,Hellas Verona
17,"28 Jan 2020, 20:31:34 ",Lost,Full Time: Nantes,3.0,9.0,,Nantes - Paris SG,,Nantes,Paris SG
18,"28 Jan 2020, 20:31:28 ",Lost,Full Time: Angers,3.0,5.0,,Monaco - Angers,,Monaco,Angers
19,"28 Jan 2020, 20:31:14 ",Won,Full Time: Metz,3.0,2.7,Payout: €8.10,Metz - Saint-Étienne,,Metz,Saint-Étienne
20,"28 Jan 2020, 20:31:08 ",Lost,Full Time: Strasbourg,3.0,2.75,,Strasbourg - Lille,,Strasbourg,Lille
21,"28 Jan 2020, 20:30:59 ",Won,Full Time: Nîmes Olympique,3.0,4.5,Payout: €13.50,Nîmes Olympique - Monaco,,Nîmes Olympique,Monaco
22,"28 Jan 2020, 20:30:41 ",Lost,Full Time: Montpellier,3.0,17.0,,Paris SG - Montpellier,,Paris SG,Montpellier
23,"28 Jan 2020, 20:30:39 ",Lost,Full Time: Draw,3.0,8.0,,Paris SG - Montpellier,,Paris SG,Montpellier
24,"28 Jan 2020, 20:25:55 ",Lost,Full Time: Newcastle United,3.0,7.0,,Arsenal - Newcastle United,,Arsenal,Newcastle United
25,"28 Jan 2020, 20:25:38 ",Won,Full Time: Burnley,3.0,4.75,Payout: €14.25,Southampton - Burnley,,Southampton,Burnley
26,"28 Jan 2020, 20:25:12 ",Won,Full Time: Tottenham,3.0,5.5,Payout: €16.50,Tottenham - Manchester City,,Tottenham,Manchester City
27,"28 Jan 2020, 20:25:05 ",Lost,Full Time: Burnley,3.0,3.65,,Burnley - Arsenal,,Burnley,Arsenal
28,"28 Jan 2020, 20:24:57 ",Lost,Full Time: Watford,3.0,2.9,,Watford - Everton,,Watford,Everton
29,"28 Jan 2020, 20:24:50 ",Lost,Full Time: Crystal Palace,3.0,3.05,,Crystal Palace - Sheffield United,,Crystal Palace,Sheffield United
30,"28 Jan 2020, 20:24:41 ",Lost,Full Time: West Ham,3.0,9.35,,West Ham - Liverpool,,West Ham,Liverpool
31,"28 Jan 2020, 20:12:57 ",Lost,Full Time: Real Betis,3.0,5.0,,Real Betis - FC Barcelona,,Real Betis,FC Barcelona
32,"28 Jan 2020, 20:12:49 ",Won,Full Time: Celta Vigo,3.0,3.6,Payout: €10.80,Celta Vigo - Sevilla,,Celta Vigo,Sevilla
33,"28 Jan 2020, 20:12:40 ",Lost,Full Time: Osasuna,3.0,5.25,,Osasuna - Real Madrid,,Osasuna,Real Madrid
34,"28 Jan 2020, 20:12:27 ",Won,Full Time: Getafe,3.0,2.5,Payout: €7.50,Getafe - Valencia,,Getafe,Valencia
35,"28 Jan 2020, 20:12:17 ",Won,Full Time: Levante,3.0,2.45,Payout: €7.35,Levante - Leganés,,Levante,Leganés
36,"28 Jan 2020, 20:11:59 ",Lost,Full Time: Celta Vigo,3.0,5.25,,Valencia - Celta Vigo,,Valencia,Celta Vigo
37,"28 Jan 2020, 20:11:46 ",Lost,Full Time: Mallorca,3.0,2.25,,Mallorca - Valladolid,,Mallorca,Valladolid
38,"28 Jan 2020, 20:10:22 ",Won,Full Time: Bayer Leverkusen,3.0,2.9,Payout: €8.70,Bayer Leverkusen - Borussia Dortmund,,Bayer Leverkusen,Borussia Dortmund
39,"28 Jan 2020, 20:10:04 ",Lost,Full Time: SC Paderborn 07,3.0,6.1,,FC Schalke 04 - SC Paderborn 07,,FC Schalke 04,SC Paderborn 07
40,"28 Jan 2020, 20:09:42 ",Lost,Full Time: Draw,3.0,4.0,,SC Paderborn 07 - VfL Wolfsburg,,SC Paderborn 07,VfL Wolfsburg
41,"28 Jan 2020, 20:09:40 ",Lost,Full Time: SC Paderborn 07,3.0,3.7,,SC Paderborn 07 - VfL Wolfsburg,,SC Paderborn 07,VfL Wolfsburg
42,"28 Jan 2020, 20:09:26 ",Lost,Full Time: Fortuna Düsseldorf,3.0,3.4,,Fortuna Düsseldorf - Eintracht Frankfurt,,Fortuna Düsseldorf,Eintracht Frankfurt
43,"28 Jan 2020, 20:09:11 ",Lost,Full Time: Hertha BSC,3.0,2.8,,Hertha BSC - FC Schalke 04,,Hertha BSC,FC Schalke 04
44,"28 Jan 2020, 20:06:42 ",Void,Full Time: ADO Den Haag,3.0,4.9,Payout: €3.00,Sparta Rotterdam - ADO Den Haag,,Sparta Rotterdam,ADO Den Haag
45,"28 Jan 2020, 20:06:35 ",Void,Full Time: FC Utrecht,3.0,5.9,Payout: €3.00,FC Utrecht - Ajax,,FC Utrecht,Ajax
46,"28 Jan 2020, 20:06:25 ",Lost,Full Time: Willem II,3.0,7.75,,PSV Eindhoven - Willem II,,PSV Eindhoven,Willem II
47,"28 Jan 2020, 20:06:22 ",Lost,Full Time: Draw,3.0,5.25,,PSV Eindhoven - Willem II,,PSV Eindhoven,Willem II
48,"28 Jan 2020, 20:06:08 ",Won,Full Time: FC Groningen,3.0,2.65,Payout: €7.95,FC Groningen - Vitesse,,FC Groningen,Vitesse
49,"28 Jan 2020, 20:05:57 ",Lost,Full Time: VVV Venlo,3.0,4.25,,VVV Venlo - FC Utrecht,,VVV Venlo,FC Utrecht
50,"28 Jan 2020, 20:05:48 ",Won,Full Time: Fortuna Sittard,3.0,3.5,Payout: €10.50,Fortuna Sittard - SC Heerenveen,,Fortuna Sittard,SC Heerenveen
51,"28 Jan 2020, 20:05:37 ",Lost,Full Time: Draw,3.0,6.35,,Feyenoord - FC Emmen,,Feyenoord,FC Emmen
52,"28 Jan 2020, 20:05:24 ",Lost,Full Time: ADO Den Haag,3.0,3.3,,ADO Den Haag - Vitesse,,ADO Den Haag,Vitesse
53,"11 Jan 2020, 10:28:50 ",Lost,Full Time: Draw,0.1,4.5,,SC Paderborn 07 - Bayer Leverkusen,,SC Paderborn 07,Bayer Leverkusen
54,"11 Jan 2020, 10:28:42 ",Lost,Full Time: SC Paderborn 07,0.1,5.2,,SC Paderborn 07 - Bayer Leverkusen,,SC Paderborn 07,Bayer Leverkusen
55,"11 Jan 2020, 10:28:34 ",Lost,Full Time: TSG Hoffenheim,0.1,2.35,,TSG Hoffenheim - Eintracht Frankfurt,,TSG Hoffenheim,Eintracht Frankfurt
56,"8 Jan 2020, 21:08:07 ",Lost,Full Time: Draw,0.1,5.75,,FC Groningen - Ajax,,FC Groningen,Ajax
57,"8 Jan 2020, 21:07:59 ",Won,Full Time: FC Groningen,0.1,10.5,Payout: €1.05,FC Groningen - Ajax,,FC Groningen,Ajax
58,"8 Jan 2020, 21:07:51 ",Lost,Full Time: RKC Waalwijk,0.1,2.25,,RKC Waalwijk - VVV Venlo,,RKC Waalwijk,VVV Venlo
59,"8 Jan 2020, 21:07:43 ",Lost,Full Time: ADO Den Haag,0.1,8.25,,FC Utrecht - ADO Den Haag,,FC Utrecht,ADO Den Haag
60,"8 Jan 2020, 21:07:35 ",Lost,Full Time: Draw,0.1,5.0,,FC Utrecht - ADO Den Haag,,FC Utrecht,ADO Den Haag
61,"8 Jan 2020, 21:07:27 ",Won,Full Time: ADO Den Haag,0.1,2.15,Payout: €0.22,ADO Den Haag - RKC Waalwijk,,ADO Den Haag,RKC Waalwijk
62,"8 Jan 2020, 21:07:19 ",Won,Full Time: Draw,0.1,3.5,Payout: €0.35,FC Twente - FC Groningen,,FC Twente,FC Groningen
63,"8 Jan 2020, 21:07:11 ",Lost,Full Time: PEC Zwolle,0.1,3.75,,PEC Zwolle - FC Utrecht,,PEC Zwolle,FC Utrecht
64,"8 Jan 2020, 21:03:46 ",Lost,Full Time: PEC Zwolle,0.1,3.75,,PEC Zwolle - FC Utrecht,,PEC Zwolle,FC Utrecht
65,"8 Jan 2020, 20:49:47 ",Lost,Full Time: PEC Zwolle,0.5,3.75,,PEC Zwolle - FC Utrecht,,PEC Zwolle,FC Utrecht
66,"7 Jan 2020, 21:14:45 ",Lost,Full Time: Atalanta,3.0,2.4,,Fiorentina - Atalanta,,Fiorentina,Atalanta
67,"7 Jan 2020, 21:14:34 ",Lost,Full Time: Genoa,3.0,4.6,,Torino - Genoa,,Torino,Genoa
68,"7 Jan 2020, 21:14:11 ",Lost,Full Time: Spal,3.0,6.5,,Fiorentina - Spal,,Fiorentina,Spal
69,"7 Jan 2020, 21:14:05 ",Lost,Full Time: Draw,3.0,4.4,,Fiorentina - Spal,,Fiorentina,Spal
70,"7 Jan 2020, 21:13:30 ",Lost,Full Time: Brest,3.0,11.5,,Lyon - Brest,,Lyon,Brest
71,"7 Jan 2020, 21:13:26 ",Lost,Full Time: Draw,3.0,5.3,,Lyon - Brest,,Lyon,Brest
72,"7 Jan 2020, 21:12:48 ",Lost,Full Time: Amiens,3.0,3.1,,Amiens - Reims,,Amiens,Reims
73,"7 Jan 2020, 21:12:23 ",Won,Full Time: Mallorca,3.0,3.75,Payout: €11.25,Mallorca - Valencia,,Mallorca,Valencia
74,"7 Jan 2020, 21:12:11 ",Won,Full Time: Eibar,3.0,5.3,Payout: €15.90,Eibar - Atlético Madrid,,Eibar,Atlético Madrid
75,"7 Jan 2020, 21:11:39 ",Lost,Full Time: Draw,3.0,4.7,,SC Paderborn 07 - Bayer Leverkusen,,SC Paderborn 07,Bayer Leverkusen
76,"7 Jan 2020, 21:11:36 ",Lost,Full Time: SC Paderborn 07,3.0,5.1,,SC Paderborn 07 - Bayer Leverkusen,,SC Paderborn 07,Bayer Leverkusen
77,"7 Jan 2020, 21:11:18 ",Lost,Full Time: TSG Hoffenheim,3.0,2.4,,TSG Hoffenheim - Eintracht Frankfurt,,TSG Hoffenheim,Eintracht Frankfurt
78,"7 Jan 2020, 21:10:06 ",Lost,Full Time: Draw,3.0,5.75,,FC Groningen - Ajax,,FC Groningen,Ajax
79,"7 Jan 2020, 21:10:02 ",Won,Full Time: FC Groningen,3.0,10.5,Payout: €31.50,FC Groningen - Ajax,,FC Groningen,Ajax
80,"7 Jan 2020, 21:09:16 ",Lost,Full Time: ADO Den Haag,3.0,8.25,,FC Utrecht - ADO Den Haag,,FC Utrecht,ADO Den Haag
81,"7 Jan 2020, 21:09:04 ",Lost,Full Time: Draw,3.0,5.0,,FC Utrecht - ADO Den Haag,,FC Utrecht,ADO Den Haag
82,"7 Jan 2020, 21:08:20 ",Won,Full Time: ADO Den Haag,3.0,2.15,Payout: €6.45,ADO Den Haag - RKC Waalwijk,,ADO Den Haag,RKC Waalwijk
83,"7 Jan 2020, 21:08:03 ",Won,Full Time: Draw,3.0,3.5,Payout: €10.50,FC Twente - FC Groningen,,FC Twente,FC Groningen
84,"7 Jan 2020, 21:07:43 ",Lost,Full Time: PEC Zwolle,3.0,3.9,,PEC Zwolle - FC Utrecht,,PEC Zwolle,FC Utrecht
85,"30 Oct 2019, 21:02:20 ",Lost,Full Time: Hertha BSC,5.0,4.2,,Hertha BSC - RB Leipzig,,Hertha BSC,RB Leipzig
86,"30 Oct 2019, 21:02:08 ",Lost,Full Time: Fortuna Düsseldorf,5.0,5.8,,FC Schalke 04 - Fortuna Düsseldorf,,FC Schalke 04,Fortuna Düsseldorf
87,"30 Oct 2019, 21:02:01 ",Won,Full Time: TSG Hoffenheim,5.0,2.75,Payout: €13.75,1. FC Köln - TSG Hoffenheim,,1. FC Köln,TSG Hoffenheim
88,"30 Oct 2019, 21:01:51 ",Lost,Full Time: FC Augsburg,5.0,3.65,,FC Augsburg - FC Schalke 04,,FC Augsburg,FC Schalke 04
89,"30 Oct 2019, 21:01:43 ",Won,Full Time: Fortuna Düsseldorf,5.0,2.7,Payout: €13.50,Fortuna Düsseldorf - 1. FC Köln,,Fortuna Düsseldorf,1. FC Köln
90,"30 Oct 2019, 21:01:35 ",Won,Full Time: 1. FC Union Berlin,5.0,2.95,Payout: €14.75,1. FC Union Berlin - Hertha BSC,,1. FC Union Berlin,Hertha BSC
91,"30 Oct 2019, 21:01:26 ",Won,Full Time: Eintracht Frankfurt,5.0,7.0,Payout: €35.00,Eintracht Frankfurt - Bayern München,,Eintracht Frankfurt,Bayern München
92,"30 Oct 2019, 21:00:27 ",Lost,Full Time: RKC Waalwijk,5.0,15.0,,Feyenoord - RKC Waalwijk,,Feyenoord,RKC Waalwijk
93,"30 Oct 2019, 21:00:24 ",Lost,Full Time: Draw,5.0,8.0,,Feyenoord - RKC Waalwijk,,Feyenoord,RKC Waalwijk
94,"30 Oct 2019, 21:00:16 ",Won,Full Time: Willem II,5.0,8.25,Payout: €41.25,Willem II - PSV Eindhoven,,Willem II,PSV Eindhoven
95,"30 Oct 2019, 21:00:07 ",Lost,Full Time: ADO Den Haag,5.0,3.25,,Fortuna Sittard - ADO Den Haag,,Fortuna Sittard,ADO Den Haag
96,"30 Oct 2019, 20:59:50 ",Lost,Full Time: ADO Den Haag,5.0,2.95,,ADO Den Haag - SC Heerenveen,,ADO Den Haag,SC Heerenveen
97,"30 Oct 2019, 20:59:43 ",Lost,Full Time: VVV Venlo,5.0,5.75,,VVV Venlo - Feyenoord,,VVV Venlo,Feyenoord
98,"30 Oct 2019, 20:59:27 ",Lost,Full Time: Draw,5.0,4.9,,VVV Venlo - Feyenoord,,VVV Venlo,Feyenoord
99,"30 Oct 2019, 20:59:15 ",Lost,Full Time: Fortuna Sittard,5.0,16.0,,FC Utrecht - Fortuna Sittard,,FC Utrecht,Fortuna Sittard
100,"30 Oct 2019, 20:59:11 ",Lost,Full Time: Draw,5.0,8.0,,FC Utrecht - Fortuna Sittard,,FC Utrecht,Fortuna Sittard
101,"30 Oct 2019, 20:59:00 ",Won,Full Time: FC Groningen,5.0,2.15,Payout: €10.75,FC Groningen - Willem II,,FC Groningen,Willem II
102,"30 Oct 2019, 20:58:41 ",Lost,Full Time: Draw,5.0,9.5,,PEC Zwolle - Ajax,,PEC Zwolle,Ajax
103,"30 Oct 2019, 20:58:37 ",Lost,Full Time: PEC Zwolle,5.0,24.0,,PEC Zwolle - Ajax,,PEC Zwolle,Ajax
104,"16 Oct 2019, 21:07:04 ",Lost,Full Time: Eibar,5.0,5.5,,Eibar - FC Barcelona,,Eibar,FC Barcelona
105,"16 Oct 2019, 21:06:04 ",Won,Full Time: Osasuna,5.0,2.9,Payout: €14.50,Osasuna - Valencia,,Osasuna,Valencia
106,"16 Oct 2019, 21:05:57 ",Lost,Full Time: Getafe,5.0,5.0,,Sevilla - Getafe,,Sevilla,Getafe
107,"16 Oct 2019, 21:05:40 ",Lost,Full Time: Levante,5.0,8.5,,Sevilla - Levante,,Sevilla,Levante
108,"16 Oct 2019, 21:05:26 ",Won,Full Time: Alavés,5.0,2.9,Payout: €14.50,Alavés - Celta Vigo,,Alavés,Celta Vigo
109,"16 Oct 2019, 21:05:20 ",Cash Out confirmed,Full Time: Mallorca,5.0,6.75,Payout: €9.92,Mallorca - Real Madrid,,Mallorca,Real Madrid
110,"16 Oct 2019, 20:52:21 ",Won,Full Time: Mainz 05,5.0,2.3,Payout: €11.50,Mainz 05 - 1. FC Köln,,Mainz 05,1. FC Köln
111,"16 Oct 2019, 20:52:09 ",Won,Full Time: TSG Hoffenheim,5.0,2.63,Payout: €13.15,TSG Hoffenheim - FC Schalke 04,,TSG Hoffenheim,FC Schalke 04
112,"16 Oct 2019, 20:51:43 ",Lost,Full Time: Draw,5.0,4.4,,1. FC Köln - SC Paderborn 07,,1. FC Köln,SC Paderborn 07
113,"16 Oct 2019, 20:28:15 ",Lost,Full Time: Sparta Rotterdam,5.0,3.25,,Sparta Rotterdam - FC Utrecht,,Sparta Rotterdam,FC Utrecht
114,"16 Oct 2019, 20:28:06 ",Cash Out confirmed,Full Time: AZ Alkmaar,5.0,7.25,Payout: €5.70,PSV Eindhoven - AZ Alkmaar,,PSV Eindhoven,AZ Alkmaar
115,"16 Oct 2019, 20:28:02 ",Cash Out confirmed,Full Time: Draw,5.0,4.75,Payout: €6.20,PSV Eindhoven - AZ Alkmaar,,PSV Eindhoven,AZ Alkmaar
116,"16 Oct 2019, 20:27:51 ",Cash Out confirmed,Full Time: Draw,5.0,3.75,Payout: €6.04,SC Heerenveen - FC Groningen,,SC Heerenveen,FC Groningen
117,"16 Oct 2019, 20:27:44 ",Won,Full Time: ADO Den Haag,5.0,7.25,Payout: €36.25,Vitesse - ADO Den Haag,,Vitesse,ADO Den Haag
118,"16 Oct 2019, 20:27:37 ",Lost,Full Time: RKC Waalwijk,5.0,7.25,,Willem II - RKC Waalwijk,,Willem II,RKC Waalwijk
119,"16 Oct 2019, 20:27:16 ",Won,Full Time: Draw,5.0,5.0,Payout: €25.00,Feyenoord - Heracles Almelo,,Feyenoord,Heracles Almelo
120,"16 Oct 2019, 20:26:45 ",Lost,Full Time: Heracles Almelo,5.0,7.5,,Feyenoord - Heracles Almelo,,Feyenoord,Heracles Almelo
121,"16 Oct 2019, 20:26:13 ",Lost,Full Time: Draw,5.0,3.8,,FC Groningen - Sparta Rotterdam,,FC Groningen,Sparta Rotterdam
122,"16 Oct 2019, 20:26:00 ",Lost,Full Time: ADO Den Haag,5.0,3.5,,PEC Zwolle - ADO Den Haag,,PEC Zwolle,ADO Den Haag
123,"16 Oct 2019, 20:25:49 ",Cash Out confirmed,Full Time: VVV Venlo,5.0,4.75,Payout: €6.36,VVV Venlo - Vitesse,,VVV Venlo,Vitesse
124,"16 Oct 2019, 20:25:35 ",Lost,Full Time: FC Twente,5.0,2.35,,FC Twente - Willem II,,FC Twente,Willem II
125,"9 Dec 2018, 09:58:07 ",Lost,Full Time: Bologna,6.0,5.0,,Bologna - AC Milan,,Bologna,AC Milan
126,"9 Dec 2018, 09:57:57 ",Lost,Full Time: Cagliari,4.0,7.0,,Cagliari - Napoli,,Cagliari,Napoli
127,"9 Dec 2018, 09:57:41 ",Lost,Full Time: Frosinone,6.0,4.0,,Frosinone - Sassuolo,,Frosinone,Sassuolo
128,"9 Dec 2018, 09:51:34 ",Lost,Full Time: Cardiff City,6.0,5.5,,Watford - Cardiff City,,Watford,Cardiff City
129,"9 Dec 2018, 09:51:22 ",Lost,Full Time: Watford,6.0,4.95,,Everton - Watford,,Everton,Watford
130,"9 Dec 2018, 09:51:12 ",Lost,Full Time: Newcastle United,6.0,2.9,,Newcastle United - Wolverhampton Wanderers,,Newcastle United,Wolverhampton Wanderers
131,"9 Dec 2018, 09:50:32 ",Lost,Full Time: Monaco,6.0,7.25,,Lyon - Monaco,,Lyon,Monaco
132,"9 Dec 2018, 09:50:21 ",Void,Full Time: Dijon,6.0,17.0,Payout: €6.00,Dijon - Paris SG,,Dijon,Paris SG
133,"9 Dec 2018, 09:50:09 ",Lost,Full Time: Lille,6.0,2.0,,Lille - Reims,,Lille,Reims
134,"9 Dec 2018, 09:49:44 ",Lost,Full Time: Alavés,6.0,2.6,,Alavés - Athletic Club Bilbao,,Alavés,Athletic Club Bilbao
135,"9 Dec 2018, 09:49:33 ",Lost,Full Time: Huesca,6.0,3.2,,Huesca - Villarreal,,Huesca,Villarreal
136,"9 Dec 2018, 09:49:19 ",Lost,Full Time: Eibar,6.0,2.8,,Eibar - Valencia,,Eibar,Valencia
137,"9 Dec 2018, 09:49:14 ",Lost,Full Time: Valladolid,6.0,5.5,,Valladolid - Atlético Madrid,,Valladolid,Atlético Madrid
138,"9 Dec 2018, 09:48:53 ",Lost,Full Time: Draw,6.0,6.1,,Huesca - Real Madrid,,Huesca,Real Madrid
139,"9 Dec 2018, 09:48:51 ",Lost,Full Time: Huesca,6.0,9.35,,Huesca - Real Madrid,,Huesca,Real Madrid
140,"9 Dec 2018, 09:48:46 ",Lost,Full Time: Rayo Vallecano,6.0,6.2,,Real Betis - Rayo Vallecano,,Real Betis,Rayo Vallecano
141,"9 Dec 2018, 09:48:43 ",Lost,Full Time: Draw,6.0,4.7,,Real Betis - Rayo Vallecano,,Real Betis,Rayo Vallecano
142,"9 Dec 2018, 09:47:33 ",Lost,Full Time: NAC Breda,6.0,5.5,,PEC Zwolle - NAC Breda,,PEC Zwolle,NAC Breda
143,"9 Dec 2018, 09:47:12 ",Lost,Full Time: Draw,6.0,5.2,,FC Emmen - Feyenoord,,FC Emmen,Feyenoord
144,"9 Dec 2018, 09:46:50 ",Won,Full Time: NAC Breda,6.0,5.5,Payout: €33.00,NAC Breda - Vitesse,,NAC Breda,Vitesse
145,"9 Dec 2018, 09:46:40 ",Lost,Full Time: FC Emmen,6.0,7.2,,FC Emmen - Feyenoord,,FC Emmen,Feyenoord
146,"9 Dec 2018, 09:46:29 ",Lost,Full Time: VVV Venlo,6.0,3.2,,VVV Venlo - FC Groningen,,VVV Venlo,FC Groningen
147,"9 Dec 2018, 09:46:20 ",Lost,Full Time: Heracles Almelo,6.0,5.4,,FC Utrecht - Heracles Almelo,,FC Utrecht,Heracles Almelo
148,"9 Dec 2018, 09:45:39 ",Won,Full Time: Eintracht Frankfurt,6.0,2.35,Payout: €14.10,Eintracht Frankfurt - Bayer Leverkusen,,Eintracht Frankfurt,Bayer Leverkusen
149,"9 Dec 2018, 09:45:24 ",Lost,Full Time: Augsburg,6.0,2.85,,Augsburg - Schalke 04,,Augsburg,Schalke 04
150,"9 Dec 2018, 09:45:09 ",Lost,Full Time: 1. FC Nürnberg,6.0,3.45,,1. FC Nürnberg - VfL Wolfsburg,,1. FC Nürnberg,VfL Wolfsburg
151,"5 Nov 2018, 20:05:58 ",Won,Full Time: Draw,5.0,9.5,Payout: €47.50,Napoli - Chievo Verona,,Napoli,Chievo Verona
152,"5 Nov 2018, 20:05:35 ",Won,Full Time: Empoli,5.0,4.9,Payout: €24.50,Empoli - Atalanta,,Empoli,Atalanta
153,"5 Nov 2018, 20:05:17 ",Lost,Full Time: Frosinone,5.0,4.9,,Frosinone - Fiorentina,,Frosinone,Fiorentina
154,"5 Nov 2018, 20:04:54 ",Won,Full Time: Huddersfield Town,5.0,6.75,Payout: €33.75,Wolverhampton Wanderers - Huddersfield Town,,Wolverhampton Wanderers,Huddersfield Town
155,"5 Nov 2018, 20:03:52 ",Lost,Full Time: Cardiff City,5.0,8.0,,Everton - Cardiff City,,Everton,Cardiff City
156,"5 Nov 2018, 20:03:48 ",Lost,Full Time: Draw,5.0,4.75,,Everton - Cardiff City,,Everton,Cardiff City
157,"5 Nov 2018, 20:03:24 ",Lost,Full Time: Crystal Palace,5.0,7.5,,Manchester United - Crystal Palace,,Manchester United,Crystal Palace
158,"5 Nov 2018, 20:03:07 ",Lost,Full Time: Huddersfield Town,5.0,3.4,,Huddersfield Town - West Ham,,Huddersfield Town,West Ham
159,"5 Nov 2018, 20:02:52 ",Lost,Full Time: Burnley,5.0,7.5,,Leicester City - Burnley,,Leicester City,Burnley
160,"5 Nov 2018, 20:02:22 ",Lost,Full Time: Monaco,5.0,8.0,,Monaco - Paris SG,,Monaco,Paris SG
161,"5 Nov 2018, 20:02:12 ",Lost,Full Time: Dijon,5.0,8.5,,Marseille - Dijon,,Marseille,Dijon
162,"5 Nov 2018, 20:01:27 ",Lost,Full Time: Guingamp,5.0,5.1,,Guingamp - Lyon,,Guingamp,Lyon
163,"5 Nov 2018, 20:00:53 ",Lost,Full Time: Rayo Vallecano,5.0,3.2,,Rayo Vallecano - Villarreal,,Rayo Vallecano,Villarreal
164,"5 Nov 2018, 20:00:33 ",Lost,Full Time: Levante,5.0,2.8,,Levante - Real Sociedad,,Levante,Real Sociedad
165,"5 Nov 2018, 19:58:31 ",Won,Full Time: Willem II,5.0,3.6,Payout: €18.00,PEC Zwolle - Willem II,,PEC Zwolle,Willem II
166,"5 Nov 2018, 19:57:40 ",Lost,Full Time: Hannover 96,5.0,6.1,,Borussia Mönchengladbach - Hannover 96,,Borussia Mönchengladbach,Hannover 96
167,"5 Nov 2018, 19:57:25 ",Cash Out confirmed,Full Time: Draw,5.0,4.7,Payout: €5.45,Schalke 04 - 1. FC Nürnberg,,Schalke 04,1. FC Nürnberg
168,"5 Nov 2018, 19:57:03 ",Won,Full Time: Fortuna Düsseldorf,5.0,3.4,Payout: €17.00,Fortuna Düsseldorf - Hertha Berlin,,Fortuna Düsseldorf,Hertha Berlin
169,"5 Nov 2018, 19:56:49 ",Won,Full Time: Hannover 96,5.0,2.8,Payout: €14.00,Hannover 96 - VfL Wolfsburg,,Hannover 96,VfL Wolfsburg
170,"21 Oct 2018, 20:31:52 ",Lost,Full Time: Chievo Verona,4.0,5.4,,Cagliari - Chievo Verona,,Cagliari,Chievo Verona
171,"21 Oct 2018, 20:31:38 ",Won,Full Time: Inter,4.0,2.5,Payout: €10.00,Inter - AC Milan,,Inter,AC Milan
172,"21 Oct 2018, 20:29:31 ",Cash Out confirmed,Full Time: Marseille,4.0,6.75,Payout: €5.58,Marseille - Paris SG,,Marseille,Paris SG
173,"21 Oct 2018, 20:29:21 ",Lost,Full Time: Angers,4.0,5.5,,Angers - Lyon,,Angers,Lyon
174,"21 Oct 2018, 20:26:39 ",Lost,Full Time: Brighton & Hove Albion,4.0,5.25,,Everton - Brighton & Hove Albion,,Everton,Brighton & Hove Albion
175,"21 Oct 2018, 20:26:32 ",Lost,Full Time: Bournemouth,4.0,3.95,,Bournemouth - Manchester United,,Bournemouth,Manchester United
176,"21 Oct 2018, 20:26:17 ",Lost,Full Time: Burnley,4.0,11.5,,Burnley - Chelsea,,Burnley,Chelsea
177,"21 Oct 2018, 20:26:01 ",Won,Full Time: Brighton & Hove Albion,4.0,3.05,Payout: €12.20,Brighton & Hove Albion - Wolverhampton Wanderers,,Brighton & Hove Albion,Wolverhampton Wanderers
178,"21 Oct 2018, 20:20:58 ",Lost,Full Time: Huesca,4.0,11.0,,Sevilla - Huesca,,Sevilla,Huesca
179,"21 Oct 2018, 20:20:54 ",Cash Out confirmed,Full Time: Draw,4.0,6.25,Payout: €5.96,Sevilla - Huesca,,Sevilla,Huesca
180,"21 Oct 2018, 20:20:45 ",Won,Full Time: Alavés,4.0,3.1,Payout: €12.40,Alavés - Villarreal,,Alavés,Villarreal
181,"21 Oct 2018, 20:20:03 ",Lost,Full Time: Rayo Vallecano,4.0,3.3,,Rayo Vallecano - Athletic Club Bilbao,,Rayo Vallecano,Athletic Club Bilbao
182,"21 Oct 2018, 20:15:47 ",Lost,Full Time: Fortuna Sittard,4.0,7.0,,Vitesse - Fortuna Sittard,,Vitesse,Fortuna Sittard
183,"5 Oct 2018, 20:23:48 ",Lost,Full Time: Lyon,3.0,8.0,,Paris SG - Lyon,,Paris SG,Lyon
184,"5 Oct 2018, 20:22:41 ",Lost,Full Time: Huddersfield Town,3.0,11.5,,Huddersfield Town - Liverpool,,Huddersfield Town,Liverpool
185,"5 Oct 2018, 20:22:27 ",Lost,Full Time: Southampton,3.0,6.05,,Southampton - Chelsea,,Southampton,Chelsea
186,"5 Oct 2018, 20:22:14 ",Lost,Full Time: Newcastle United,3.0,8.8,,Manchester United - Newcastle United,,Manchester United,Newcastle United
187,"5 Oct 2018, 20:22:01 ",Lost,Full Time: Crystal Palace,3.0,2.95,,Crystal Palace - Wolverhampton Wanderers,,Crystal Palace,Wolverhampton Wanderers
188,"5 Oct 2018, 20:03:05 ",Lost,Full Time: Huesca,3.0,3.3,,Huesca - Espanyol,,Huesca,Espanyol
189,"5 Oct 2018, 20:02:55 ",Lost,Full Time: Eibar,3.0,2.7,,Eibar - Athletic Club Bilbao,,Eibar,Athletic Club Bilbao
190,"5 Oct 2018, 20:02:50 ",Lost,Full Time: Villarreal,3.0,3.75,,Villarreal - Atlético Madrid,,Villarreal,Atlético Madrid
191,"5 Oct 2018, 20:02:29 ",Won,Full Time: Alavés,3.0,8.75,Payout: €26.25,Alavés - Real Madrid,,Alavés,Real Madrid
192,"5 Oct 2018, 19:55:15 ",Lost,Full Time: AZ Alkmaar,3.0,2.8,,FC Utrecht - AZ Alkmaar,,FC Utrecht,AZ Alkmaar
193,"5 Oct 2018, 19:54:56 ",Lost,Full Time: De Graafschap,3.0,3.3,,De Graafschap - SC Heerenveen,,De Graafschap,SC Heerenveen
194,"5 Oct 2018, 19:54:44 ",Lost,Full Time: NAC Breda,3.0,6.75,,FC Utrecht - NAC Breda,,FC Utrecht,NAC Breda
195,"5 Sep 2018, 21:12:58 ",Lost,Full Time: Frosinone,3.0,13.0,,Frosinone - Juventus,,Frosinone,Juventus
196,"5 Sep 2018, 21:11:54 ",Won,Full Time: Bologna,3.0,6.25,Payout: €18.75,Bologna - Roma,,Bologna,Roma
197,"5 Sep 2018, 21:11:40 ",Lost,Full Time: Torino,3.0,4.9,,Torino - Napoli,,Torino,Napoli
198,"5 Sep 2018, 21:11:21 ",Lost,Full Time: Frosinone,3.0,3.55,,Frosinone - Sampdoria,,Frosinone,Sampdoria
199,"5 Sep 2018, 21:07:26 ",Lost,Full Time: Rennes,3.0,9.0,,Rennes - Paris SG,,Rennes,Paris SG
200,"5 Sep 2018, 21:07:15 ",Lost,Full Time: Caen,3.0,5.8,,Saint-Étienne - Caen,,Saint-Étienne,Caen
201,"5 Sep 2018, 21:07:01 ",Lost,Full Time: Nîmes Olympique,3.0,9.5,,Monaco - Nîmes Olympique,,Monaco,Nîmes Olympique
202,"5 Sep 2018, 21:06:44 ",Lost,Full Time: Amiens,3.0,3.25,,Amiens - Lille,,Amiens,Lille
203,"5 Sep 2018, 20:57:16 ",Lost,Full Time: Draw,3.0,7.0,,Cardiff City - Manchester City,,Cardiff City,Manchester City
204,"5 Sep 2018, 20:57:12 ",Lost,Full Time: Cardiff City,3.0,15.0,,Cardiff City - Manchester City,,Cardiff City,Manchester City
205,"5 Sep 2018, 20:56:43 ",Lost,Full Time: Burnley,3.0,5.15,,Wolverhampton Wanderers - Burnley,,Wolverhampton Wanderers,Burnley
206,"5 Sep 2018, 20:56:31 ",Lost,Full Time: Watford,3.0,4.4,,Watford - Manchester United,,Watford,Manchester United
207,"5 Sep 2018, 20:55:25 ",Lost,Full Time: Schalke 04,3.0,7.5,,Schalke 04 - Bayern München,,Schalke 04,Bayern München
208,"5 Sep 2018, 20:55:13 ",Won,Full Time: SC Freiburg,3.0,4.9,Payout: €14.70,VfL Wolfsburg - SC Freiburg,,VfL Wolfsburg,SC Freiburg
209,"5 Sep 2018, 20:53:26 ",Lost,Full Time: Girona FC,3.0,26.0,,FC Barcelona - Girona FC,,FC Barcelona,Girona FC
210,"5 Sep 2018, 20:53:09 ",Lost,Full Time: Getafe,3.0,5.5,,Getafe - Atlético Madrid,,Getafe,Atlético Madrid
211,"5 Sep 2018, 20:52:56 ",Lost,Full Time: Huesca,3.0,3.35,,Huesca - Real Sociedad,,Huesca,Real Sociedad
212,"5 Sep 2018, 20:52:41 ",Won,Full Time: Getafe,3.0,6.75,Payout: €20.25,Sevilla - Getafe,,Sevilla,Getafe
213,"5 Sep 2018, 20:52:30 ",Lost,Full Time: Leganés,3.0,3.0,,Leganés - Villarreal,,Leganés,Villarreal
214,"5 Sep 2018, 20:52:16 ",Lost,Full Time: Real Sociedad,3.0,6.75,,Real Sociedad - FC Barcelona,,Real Sociedad,FC Barcelona
215,"5 Sep 2018, 20:49:29 ",Lost,Full Time: De Graafschap,3.0,5.0,,Heracles Almelo - De Graafschap,,Heracles Almelo,De Graafschap
216,"5 Sep 2018, 20:49:21 ",Won,Full Time: Heracles Almelo,3.0,4.8,Payout: €14.40,SC Heerenveen - Heracles Almelo,,SC Heerenveen,Heracles Almelo
217,"5 Sep 2018, 20:49:12 ",Won,Full Time: FC Emmen,3.0,7.5,Payout: €22.50,FC Utrecht - FC Emmen,,FC Utrecht,FC Emmen
218,"5 Sep 2018, 20:49:05 ",Lost,Full Time: Draw,3.0,4.85,,FC Utrecht - FC Emmen,,FC Utrecht,FC Emmen
219,"5 Sep 2018, 20:48:23 ",Lost,Full Time: AZ Alkmaar,3.0,2.75,,AZ Alkmaar - Feyenoord,,AZ Alkmaar,Feyenoord
220,"8 May 2018, 19:32:10 ",Lost,Full Time: Hellas Verona,4.0,5.4,,Hellas Verona - Udinese,,Hellas Verona,Udinese
221,"8 May 2018, 19:32:01 ",Lost,Full Time: Bologna,4.0,2.85,,Bologna - Chievo Verona,,Bologna,Chievo Verona
222,"8 May 2018, 19:31:52 ",Won,Full Time: Torino,4.0,2.3,Payout: €9.20,Torino - Spal,,Torino,Spal
223,"8 May 2018, 19:31:30 ",Won,Full Time: Sassuolo,4.0,17.0,Payout: €68.00,Inter - Sassuolo,,Inter,Sassuolo
224,"8 May 2018, 19:31:25 ",Lost,Full Time: Draw,4.0,8.0,,Inter - Sassuolo,,Inter,Sassuolo
225,"8 May 2018, 19:30:43 ",Lost,Full Time: Troyes,4.0,6.5,,Troyes - Monaco,,Troyes,Monaco
226,"8 May 2018, 19:30:28 ",Lost,Full Time: Angers,4.0,4.2,,Dijon - Angers,,Dijon,Angers
227,"8 May 2018, 19:30:19 ",Lost,Full Time: Guingamp,4.0,4.4,,Toulouse - Guingamp,,Toulouse,Guingamp
228,"8 May 2018, 19:30:03 ",Lost,Full Time: Dijon,4.0,5.6,,Lille - Dijon,,Lille,Dijon
229,"8 May 2018, 19:28:45 ",Won,Full Time: Stoke City,4.0,5.0,Payout: €20.00,Swansea City - Stoke City,,Swansea City,Stoke City
230,"8 May 2018, 19:28:37 ",Won,Full Time: Newcastle United,4.0,6.5,Payout: €26.00,Newcastle United - Chelsea,,Newcastle United,Chelsea
231,"8 May 2018, 19:27:42 ",Lost,Full Time: Draw,4.0,7.25,,Manchester United - Watford,,Manchester United,Watford
232,"8 May 2018, 19:26:43 ",Lost,Full Time: Borussia Mönchengladbach,4.0,3.15,,Hamburger SV - Borussia Mönchengladbach,,Hamburger SV,Borussia Mönchengladbach
233,"8 May 2018, 19:26:29 ",Lost,Full Time: Augsburg,4.0,4.2,,SC Freiburg - Augsburg,,SC Freiburg,Augsburg
234,"8 May 2018, 19:26:19 ",Lost,Full Time: Hertha Berlin,4.0,3.9,,Hertha Berlin - RB Leipzig,,Hertha Berlin,RB Leipzig
235,"8 May 2018, 19:26:09 ",Lost,Full Time: 1. FC Köln,4.0,5.4,,VfL Wolfsburg - 1. FC Köln,,VfL Wolfsburg,1. FC Köln
236,"8 May 2018, 19:25:55 ",Lost,Full Time: Hannover 96,4.0,13.0,,Bayer Leverkusen - Hannover 96,,Bayer Leverkusen,Hannover 96
237,"8 May 2018, 19:25:52 ",Lost,Full Time: Draw,4.0,7.5,,Bayer Leverkusen - Hannover 96,,Bayer Leverkusen,Hannover 96
238,"8 May 2018, 19:25:34 ",Won,Full Time: Schalke 04,4.0,2.55,Payout: €10.20,Schalke 04 - Eintracht Frankfurt,,Schalke 04,Eintracht Frankfurt
239,"8 May 2018, 19:21:32 ",Lost,Full Time: Real Madrid,4.0,2.15,,Villarreal - Real Madrid,,Villarreal,Real Madrid
240,"8 May 2018, 19:21:17 ",Won,Full Time: Levante,4.0,10.0,Payout: €40.00,Levante - FC Barcelona,,Levante,FC Barcelona
241,"8 May 2018, 19:21:06 ",Lost,Full Time: Real Betis,4.0,2.7,,Real Betis - Sevilla,,Real Betis,Sevilla
242,"8 May 2018, 19:20:54 ",Lost,Full Time: Deportivo La Coruña,4.0,3.95,,Deportivo La Coruña - Villarreal,,Deportivo La Coruña,Villarreal
243,"8 May 2018, 19:20:43 ",Lost,Full Time: Real Madrid,4.0,2.7,,Sevilla - Real Madrid,,Sevilla,Real Madrid
244,"26 Apr 2018, 22:40:58 ",Lost,Full Time: Draw,3.0,4.9,,Atalanta - Genoa,,Atalanta,Genoa
245,"26 Apr 2018, 22:36:50 ",Cash Out confirmed,Full Time: Guingamp,3.0,4.2,Payout: €4.30,Dijon - Guingamp,,Dijon,Guingamp
246,"26 Apr 2018, 22:36:40 ",Lost,Full Time: Caen,3.0,5.0,,Caen - Monaco,,Caen,Monaco
247,"26 Apr 2018, 22:36:31 ",Won,Full Time: Angers,3.0,3.35,Payout: €10.05,Metz - Angers,,Metz,Angers
248,"26 Apr 2018, 22:36:16 ",Lost,Full Time: Amiens,3.0,15.0,,Monaco - Amiens,,Monaco,Amiens
249,"26 Apr 2018, 22:36:04 ",Lost,Full Time: Dijon,3.0,6.5,,Bordeaux - Dijon,,Bordeaux,Dijon
250,"26 Apr 2018, 22:34:44 ",Lost,Full Time: Liverpool,3.0,3.0,,Chelsea - Liverpool,,Chelsea,Liverpool
251,"26 Apr 2018, 22:34:32 ",Won,Full Time: Brighton & Hove Albion,3.0,6.25,Payout: €18.75,Brighton & Hove Albion - Manchester United,,Brighton & Hove Albion,Manchester United
252,"26 Apr 2018, 22:33:51 ",Lost,Full Time: Arsenal,3.0,8.2,,Manchester United - Arsenal,,Manchester United,Arsenal
253,"26 Apr 2018, 22:33:36 ",Lost,Full Time: West Ham,3.0,4.65,,West Ham - Manchester United,,West Ham,Manchester United
254,"26 Apr 2018, 22:32:48 ",Won,Full Time: Manchester City,3.0,1.33,Payout: €3.99,West Ham - Manchester City,,West Ham,Manchester City
255,"26 Apr 2018, 22:32:36 ",Lost,Full Time: Bournemouth,3.0,5.0,,Southampton - Bournemouth,,Southampton,Bournemouth
256,"26 Apr 2018, 22:26:40 ",Lost,Full Time: Werder Bremen,3.0,3.6,,Werder Bremen - Borussia Dortmund,,Werder Bremen,Borussia Dortmund
257,"26 Apr 2018, 22:26:24 ",Won,Full Time: Mainz 05,3.0,3.45,Payout: €10.35,Mainz 05 - RB Leipzig,,Mainz 05,RB Leipzig
258,"26 Apr 2018, 22:26:13 ",Won,Full Time: VfB Stuttgart,3.0,8.0,Payout: €24.00,Bayer Leverkusen - VfB Stuttgart,,Bayer Leverkusen,VfB Stuttgart
259,"26 Apr 2018, 22:26:01 ",Won,Full Time: Bayern München,3.0,1.65,Payout: €4.95,Bayern München - Eintracht Frankfurt,,Bayern München,Eintracht Frankfurt
260,"26 Apr 2018, 22:25:46 ",Lost,Full Time: Hannover 96,3.0,10.0,,Hoffenheim - Hannover 96,,Hoffenheim,Hannover 96
261,"26 Apr 2018, 22:25:38 ",Lost,Full Time: Draw,3.0,6.25,,Hoffenheim - Hannover 96,,Hoffenheim,Hannover 96
262,"26 Apr 2018, 22:22:51 ",Lost,Full Time: Real Madrid,3.0,4.0,,FC Barcelona - Real Madrid,,FC Barcelona,Real Madrid
263,"26 Apr 2018, 22:22:41 ",Lost,Full Time: Draw,3.0,5.25,,Atlético Madrid - Espanyol,,Atlético Madrid,Espanyol
264,"26 Apr 2018, 22:22:28 ",Lost,Full Time: Málaga,3.0,3.0,,Málaga - Alavés,,Málaga,Alavés
265,"26 Apr 2018, 22:22:16 ",Lost,Full Time: Real Sociedad,3.0,4.5,,Sevilla - Real Sociedad,,Sevilla,Real Sociedad
266,"26 Apr 2018, 22:22:01 ",Lost,Full Time: Draw,3.0,5.0,,Real Betis - Málaga,,Real Betis,Málaga
267,"26 Apr 2018, 22:21:49 ",Won,Full Time: Draw,3.0,4.35,Payout: €13.05,Valencia - Eibar,,Valencia,Eibar
268,"26 Apr 2018, 22:21:44 ",Lost,Full Time: Eibar,3.0,7.0,,Valencia - Eibar,,Valencia,Eibar
269,"26 Apr 2018, 22:21:21 ",Lost,Full Time: Celta Vigo,3.0,5.0,,Villarreal - Celta Vigo,,Villarreal,Celta Vigo
270,"26 Apr 2018, 22:21:05 ",Won,Full Time: Real Madrid,3.0,1.28,Payout: €3.84,Real Madrid - Leganés,,Real Madrid,Leganés
271,"26 Apr 2018, 22:20:55 ",Won,Full Time: Draw,3.0,4.65,Payout: €13.95,Espanyol - Deportiva Las Palmas,,Espanyol,Deportiva Las Palmas
272,"26 Apr 2018, 22:20:47 ",Won,Full Time: Levante,3.0,3.85,Payout: €11.55,Levante - Sevilla,,Levante,Sevilla
273,"26 Apr 2018, 22:19:54 ",Lost,Full Time: FC Groningen,3.0,14.0,,PSV Eindhoven - FC Groningen,,PSV Eindhoven,FC Groningen
274,"26 Apr 2018, 22:19:20 ",Lost,Full Time: Excelsior Rotterdam,3.0,9.0,,Excelsior Rotterdam - Ajax,,Excelsior Rotterdam,Ajax
275,"26 Apr 2018, 22:19:11 ",Won,Full Time: Heracles Almelo,3.0,3.35,Payout: €10.05,Sparta Rotterdam - Heracles Almelo,,Sparta Rotterdam,Heracles Almelo
276,"26 Apr 2018, 22:18:44 ",Won,Full Time: Willem II,3.0,4.9,Payout: €14.70,PEC Zwolle - Willem II,,PEC Zwolle,Willem II
277,"26 Apr 2018, 22:18:32 ",Lost,Full Time: Heracles Almelo,3.0,3.65,,Heracles Almelo - FC Utrecht,,Heracles Almelo,FC Utrecht
278,"26 Apr 2018, 22:18:25 ",Won,Full Time: Vitesse,3.0,1.77,Payout: €5.31,Vitesse - FC Twente,,Vitesse,FC Twente
279,"26 Apr 2018, 22:18:11 ",Won,Full Time: Feyenoord,3.0,1.25,Payout: €3.75,Feyenoord - Sparta Rotterdam,,Feyenoord,Sparta Rotterdam
280,"26 Apr 2018, 22:17:54 ",Lost,Full Time: AZ Alkmaar,3.0,5.15,,Ajax - AZ Alkmaar,,Ajax,AZ Alkmaar
281,"14 Apr 2018, 11:40:15 ",Won,Full Time: PSV Eindhoven,5.0,2.55,Payout: €12.75,PSV Eindhoven - Ajax,,PSV Eindhoven,Ajax
